{
  "0": [
    [
      0,
      112.24627719942288
    ],
    [
      370.1980860571945,
      364.6291414751338
    ],
    [
      472.4837757683415,
      301.88867793118305
    ],
    [
      534.5915267479907,
      200.185167780305
    ],
    [
      234.03554487604652,
      0
    ],
    [
      0,
      0
    ]
  ],
  "1": [
    [
      701.4746597785522,
      174.49472644396454
    ],
    [
      763.9743339692938,
      359.66412719453126
    ],
    [
      1024,
      649.6627737319014
    ],
    [
      1024,
      286.0086945414606
    ],
    [
      904.6577170242393,
      106.21934799764347
    ],
    [
      844.8025448222373,
      102.08498371723181
    ]
  ],
  "2": [
    [
      584.0949654122305,
      0
    ],
    [
      606.9383870386014,
      106.53669622942715
    ],
    [
      701.4746597785522,
      174.49472644396454
    ],
    [
      844.8025448222373,
      102.08498371723181
    ],
    [
      762.9694233366553,
      0
    ]
  ],
  "3": [
    [
      370.1980860571945,
      364.6291414751338
    ],
    [
      486.460554513477,
      768
    ],
    [
      1024,
      768
    ],
    [
      1024,
      649.6627737319014
    ],
    [
      763.9743339692938,
      359.66412719453126
    ],
    [
      472.4837757683415,
      301.88867793118305
    ]
  ],
  "4": [
    [
      762.9694233366553,
      0
    ],
    [
      844.8025448222373,
      102.08498371723181
    ],
    [
      904.6577170242393,
      106.21934799764347
    ],
    [
      934.4794197399825,
      0
    ]
  ],
  "5": [
    [
      472.4837757683415,
      301.88867793118305
    ],
    [
      763.9743339692938,
      359.66412719453126
    ],
    [
      701.4746597785522,
      174.49472644396454
    ],
    [
      606.9383870386014,
      106.53669622942715
    ],
    [
      534.5915267479907,
      200.185167780305
    ]
  ],
  "6": [
    [
      234.03554487604652,
      0
    ],
    [
      534.5915267479907,
      200.185167780305
    ],
    [
      606.9383870386014,
      106.53669622942715
    ],
    [
      584.0949654122305,
      0
    ]
  ],
  "7": [
    [
      904.6577170242393,
      106.21934799764347
    ],
    [
      1024,
      286.0086945414606
    ],
    [
      1024,
      0
    ],
    [
      934.4794197399825,
      0
    ]
  ],
  "8": [
    [
      429.02807021193314,
      768
    ],
    [
      0,
      492.4717580474805
    ],
    [
      0,
      768
    ]
  ],
  "9": [
    [
      0,
      492.4717580474805
    ],
    [
      429.02807021193314,
      768
    ],
    [
      486.460554513477,
      768
    ],
    [
      370.1980860571945,
      364.6291414751338
    ],
    [
      0,
      112.24627719942288
    ]
  ]
}