{
  "0": [
    [
      39,
      32,
      26,
      255
    ],
    [
      734.1781598813748,
      687.2029901546455
    ],
    [
      1024,
      556.2799016495416
    ],
    [
      1024,
      299.3113339354245
    ],
    [
      830.3678891849736,
      284.0095520300251
    ],
    [
      759.0278066608405,
      305.492712702169
    ],
    [
      744.0871516960216,
      347.04291288012803
    ]
  ],
  "1": [
    [
      61,
      41,
      33,
      255
    ],
    [
      0,
      618.5252734758774
    ],
    [
      347.95989324722893,
      545.0799631248991
    ],
    [
      422.32137434117277,
      456.43673232358117
    ],
    [
      451.0598941955654,
      247.6732347257181
    ],
    [
      429.9211660935949,
      225.9354228662908
    ],
    [
      0,
      428.9721626891591
    ]
  ],
  "2": [
    [
      76,
      49,
      38,
      255
    ],
    [
      422.32137434117277,
      456.43673232358117
    ],
    [
      744.0871516960216,
      347.04291288012803
    ],
    [
      759.0278066608405,
      305.492712702169
    ],
    [
      743.8008819933577,
      291.0823689797495
    ],
    [
      451.0598941955654,
      247.6732347257181
    ]
  ],
  "3": [
    [
      95,
      59,
      42,
      255
    ],
    [
      389.1295853323953,
      0
    ],
    [
      429.9211660935949,
      225.9354228662908
    ],
    [
      451.0598941955654,
      247.6732347257181
    ],
    [
      743.8008819933577,
      291.0823689797495
    ],
    [
      613.5158386408866,
      0
    ]
  ],
  "4": [
    [
      136,
      85,
      63,
      255
    ],
    [
      347.95989324722893,
      545.0799631248991
    ],
    [
      727.141895889666,
      704.4686421325164
    ],
    [
      734.1781598813748,
      687.2029901546455
    ],
    [
      744.0871516960216,
      347.04291288012803
    ],
    [
      422.32137434117277,
      456.43673232358117
    ]
  ],
  "5": [
    [
      43,
      30,
      22,
      255
    ],
    [
      830.3678891849736,
      284.0095520300251
    ],
    [
      1024,
      299.3113339354245
    ],
    [
      1024,
      0
    ],
    [
      886.7437468863727,
      0
    ]
  ],
  "6": [
    [
      95,
      61,
      44,
      255
    ],
    [
      734.5642277386146,
      768
    ],
    [
      727.141895889666,
      704.4686421325164
    ],
    [
      347.95989324722893,
      545.0799631248991
    ],
    [
      0,
      618.5252734758774
    ],
    [
      0,
      768
    ]
  ],
  "7": [
    [
      96,
      61,
      48,
      255
    ],
    [
      0,
      428.9721626891591
    ],
    [
      429.9211660935949,
      225.9354228662908
    ],
    [
      389.1295853323953,
      0
    ],
    [
      0,
      0
    ]
  ],
  "8": [
    [
      0,
      0,
      0,
      255
    ],
    [
      613.5158386408866,
      0
    ],
    [
      743.8008819933577,
      291.0823689797495
    ],
    [
      759.0278066608405,
      305.492712702169
    ],
    [
      830.3678891849736,
      284.0095520300251
    ],
    [
      886.7437468863727,
      0
    ]
  ],
  "9": [
    [
      90,
      111,
      109,
      255
    ],
    [
      727.141895889666,
      704.4686421325164
    ],
    [
      734.5642277386146,
      768
    ],
    [
      1024,
      768
    ],
    [
      1024,
      556.2799016495416
    ],
    [
      734.1781598813748,
      687.2029901546455
    ]
  ]
}