{
  "0": [
    [
      482.02208577285273,
      288.2948048861527
    ],
    [
      169,
      167,
      168,
      255
    ],
    [
      383.732283405609,
      220.5485707750478
    ],
    [
      392.46386029099614,
      312.4033293669514
    ],
    [
      533.1014281210871,
      324.5953305930623
    ],
    [
      535.9351271882082,
      322.78761765503185
    ],
    [
      588.577884425293,
      279.62468651608225
    ]
  ],
  "1": [
    [
      722.6434904506373,
      495.4775680630398
    ],
    [
      193,
      193,
      193,
      255
    ],
    [
      623.442227853404,
      464.21091723545726
    ],
    [
      672.1108859194928,
      545.833812772278
    ],
    [
      740.3894137818181,
      492.5016016119578
    ],
    [
      750.6385393244013,
      447.86267963555764
    ],
    [
      668.975042542943,
      398.3858622214412
    ]
  ],
  "2": [
    [
      183.7240947465134,
      278.2598350157289
    ],
    [
      166,
      164,
      165,
      255
    ],
    [
      105.67857785414435,
      199.3222684101488
    ],
    [
      126.42992076687594,
      349.5655549742531
    ],
    [
      236.31432076150787,
      315.44755343001066
    ],
    [
      241.57379026983062,
      293.0862214848756
    ],
    [
      117.65667667109966,
      183.74987759238581
    ]
  ],
  "3": [
    [
      18.29892511723324,
      590.6706766223211
    ],
    [
      157,
      158,
      160,
      255
    ],
    [
      0,
      632.7605546983207
    ],
    [
      103.39006569495218,
      619.8373468712485
    ],
    [
      108.14531449204202,
      612.5607579606905
    ],
    [
      108.75287691017229,
      596.3079885762643
    ],
    [
      53.97869529051955,
      474.8556447944152
    ],
    [
      26.42373101183345,
      442.56994031476404
    ],
    [
      0,
      439.5474577176133
    ]
  ],
  "4": [
    [
      791.776730211406,
      372.75397866748204
    ],
    [
      187,
      187,
      187,
      255
    ],
    [
      670.8742887809731,
      266.5844620502877
    ],
    [
      673.9136281477897,
      339.754564411729
    ],
    [
      810.9369393027831,
      397.451092457936
    ],
    [
      822.7549900942275,
      376.4757964853564
    ],
    [
      830.7531448491984,
      332.50737109757506
    ],
    [
      759.8881885255612,
      234.01822939372684
    ],
    [
      720.832939343892,
      236.71723848560544
    ]
  ],
  "5": [
    [
      164.4048538655668,
      524.7778964804422
    ],
    [
      182,
      183,
      185,
      255
    ],
    [
      53.97869529051955,
      474.8556447944152
    ],
    [
      108.75287691017229,
      596.3079885762643
    ],
    [
      200.81300842684382,
      552.001622013888
    ],
    [
      182.25173950981622,
      493.1625841407291
    ]
  ],
  "6": [
    [
      411.1092080857352,
      688.6011023787087
    ],
    [
      189,
      190,
      192,
      255
    ],
    [
      517.2168542050148,
      768
    ],
    [
      539.3510416520237,
      677.7569423593765
    ],
    [
      509.8065752249304,
      631.1935245646273
    ],
    [
      476.53149186273964,
      607.4301902881
    ],
    [
      297.62028627175954,
      660.7233333008464
    ],
    [
      287.72457374133415,
      683.7073811583255
    ],
    [
      286.8567271574255,
      768
    ]
  ],
  "7": [
    [
      788.5577708136614,
      704.6110274981879
    ],
    [
      185,
      181,
      180,
      255
    ],
    [
      1024,
      589.5651157352071
    ],
    [
      943.07254045167,
      575.321301149798
    ],
    [
      852.8155455151327,
      590.3116746009939
    ],
    [
      736.1694694036375,
      768
    ],
    [
      1024,
      768
    ]
  ],
  "8": [
    [
      377.3563027546918,
      575.288720539568
    ],
    [
      186,
      186,
      188,
      255
    ],
    [
      285.9584944306,
      567.0218755513018
    ],
    [
      297.62028627175954,
      660.7233333008464
    ],
    [
      476.53149186273964,
      607.4301902881
    ],
    [
      462.20127698764816,
      567.8934383081821
    ],
    [
      316.8048092763836,
      491.68761431922906
    ]
  ],
  "9": [
    [
      755.0598918943638,
      502.92039543924807
    ],
    [
      247,
      245,
      246,
      255
    ],
    [
      740.3894137818181,
      492.5016016119578
    ],
    [
      769.8116477001183,
      598.2903438235039
    ],
    [
      852.8155455151327,
      590.3116746009939
    ],
    [
      943.07254045167,
      575.321301149798
    ],
    [
      810.894662195803,
      462.5379766819407
    ],
    [
      750.6385393244013,
      447.86267963555764
    ]
  ],
  "10": [
    [
      603.7848748932897,
      566.3484830250874
    ],
    [
      190,
      196,
      196,
      255
    ],
    [
      509.8065752249304,
      631.1935245646273
    ],
    [
      539.3510416520237,
      677.7569423593765
    ],
    [
      678.791449991577,
      643.5571394391939
    ],
    [
      701.8858612419182,
      613.0264266208558
    ],
    [
      672.1108859194928,
      545.833812772278
    ],
    [
      623.442227853404,
      464.21091723545726
    ],
    [
      618.8536038434663,
      465.3233523660816
    ]
  ],
  "11": [
    [
      28.096085660616154,
      669.0513026957824
    ],
    [
      171,
      167,
      166,
      255
    ],
    [
      84.88363247156644,
      768
    ],
    [
      103.39006569495218,
      619.8373468712485
    ],
    [
      0,
      632.7605546983207
    ],
    [
      0,
      768
    ]
  ],
  "12": [
    [
      853.059448338116,
      383.90172065426543
    ],
    [
      192,
      192,
      192,
      255
    ],
    [
      822.7549900942275,
      376.4757964853564
    ],
    [
      1024,
      506.4529281449552
    ],
    [
      1024,
      428.7541423982941
    ],
    [
      982.5757867595194,
      389.24894941579214
    ],
    [
      830.7531448491984,
      332.50737109757506
    ]
  ],
  "13": [
    [
      503.00258152854667,
      215.5452303949764
    ],
    [
      170,
      172,
      171,
      255
    ],
    [
      352.93518409269996,
      118.35391449378041
    ],
    [
      356.0166000865088,
      158.06191973050116
    ],
    [
      383.732283405609,
      220.5485707750478
    ],
    [
      588.577884425293,
      279.62468651608225
    ],
    [
      646.9526849703727,
      259.9679172376126
    ],
    [
      526.3381666117825,
      109.839482575922
    ]
  ],
  "14": [
    [
      219.65855709951143,
      237.53326049445434
    ],
    [
      170,
      166,
      165,
      255
    ],
    [
      117.65667667109966,
      183.74987759238581
    ],
    [
      241.57379026983062,
      293.0862214848756
    ],
    [
      356.0166000865088,
      158.06191973050116
    ],
    [
      352.93518409269996,
      118.35391449378041
    ],
    [
      252.99764960956105,
      0
    ],
    [
      199.25881022206022,
      0
    ]
  ],
  "15": [
    [
      634.5890525458403,
      109.82749019143768
    ],
    [
      190,
      188,
      189,
      255
    ],
    [
      526.3381666117825,
      109.839482575922
    ],
    [
      646.9526849703727,
      259.9679172376126
    ],
    [
      670.8742887809731,
      266.5844620502877
    ],
    [
      720.832939343892,
      236.71723848560544
    ],
    [
      690.5774012134403,
      0
    ],
    [
      606.027860603141,
      0
    ]
  ],
  "16": [
    [
      476.5372085925153,
      351.56413617506905
    ],
    [
      184,
      184,
      184,
      255
    ],
    [
      371.6617469455277,
      392.3152252724443
    ],
    [
      477.19589060776974,
      434.22526013711354
    ],
    [
      533.1014281210871,
      324.5953305930623
    ],
    [
      392.46386029099614,
      312.4033293669514
    ]
  ],